{"cameraMode":{"drawMode":0,"name":"Shaded","section":"Shading Mode"},"sceneLighting":true,"audioPlay":false,"sceneViewState":{"m_AlwaysRefresh":false,"showFog":true,"showSkybox":true,"showFlares":true,"showImageEffects":true,"showParticleSystems":true,"showVisualEffectGraphs":true,"m_FxEnabled":true},"in2DMode":false,"pivot":{"x":-1.4208292961120606,"y":-13.139867782592774,"z":72.11050415039063},"rotation":{"x":-0.2146136313676834,"y":0.010838457383215428,"z":-0.002381744096055627,"w":-0.9766374826431274},"size":54.31665802001953,"orthographic":false}